most_recent_entry,name
2012,IncreaseDecreaseInDueFromRelatedParties
2013,RealEstateAccumulatedDepreciationDepreciationExpense
2010,EquityMethodInvestmentSummarizedFinancialInformationCostOfSalesOrRevenue
2010,CashFlowHedgeGainLossReclassifiedToOtherExpenseNet
2012,DefinedBenefitPlanEffectOfOnePercentagePointDecreaseOnServiceAndInterestCostComponents
2012,ProceedsFromCollectionOfLeaseReceivables
2012,ShareBasedCompensationArrangementByShareBasedPaymentAwardOptionsVestedInPeriodFairValue
2013,InterestExpenseSubordinatedNotesAndDebentures
2009,EffectOnRetainedEarningsAccumulatedDeficitDueToChangeInMeasurementDateNetOfTax
2011,TaxEffectOfExtraordinaryItem
2012,AllowanceForLoanAndLeaseLossesProvisionForLossNet
2012,FiniteLivedIntangibleAssetsUsefulLife
2014,SaleOfStockPercentageOfOwnershipAfterTransaction
2010,CumulativeEffectOfChangeInAccountingPrinciplePresentedOnIncomeStatementNetOfTax
2012,FairValueMeasurementWithUnobservableInputsReconciliationRecurringBasisAssetGainLossIncludedInEarnings
2012,OtherComprehensiveIncomeReclassificationOfDefinedBenefitPlantNetTransitionAssetObligationRecognizedInNetPeriodicBenefitCostTax
2012,ReductionsInOtherAssetsAmount
2011,SegmentReportingReconcilingItemsRevenue
2014,PaymentsToAcquireReceivables
2010,EnvironmentalCostsOfPropertyForSaleDisposalOrAbandonmentAnticipatedExitCosts
2011,ProceedsFromLoanOriginations
2012,AcquiredFiniteLivedIntangibleAssetWeightedAverageUsefulLife
2013,MortgageLoansOnRealEstateForeclosures
2010,IncreaseDecreaseInOtherFossilFuelInventories
2011,OtherComprehensiveIncomeReclassificationAdjustmentForWriteDownOfSecuritiesIncludedInNetIncomeTax
2012,ProceedsFromFederalHomeLoanBankAdvances
2010,EntityWideInformationRevenueFromExternalCustomerAmount
2013,ChangeInUnrealizedGainLossOnFairValueHedgingInstruments
2014,OtherComprehensiveIncomeDefinedBenefitPlansTaxPortionAttributableToNoncontrollingInterest
2014,ProceedsFromSaleOfLoansReceivable
2013,FairValueAssetsMeasuredOnRecurringBasisGainLossIncludedInInvestmentIncome
2009,EffectOnOtherComprehensiveIncomeLossDueToChangeInMeasurementDateNetOfTax
2011,SegmentReportingSegmentOperatingProfitLoss
2012,OtherComprehensiveIncomeLossNetOfTaxPeriodIncreaseDecrease
2010,CashFlowHedgeGainReclassifiedToOtherIncome
2012,DirectPremiumsEarnedPropertyAndCasualty
2011,ProceedsFromLoanAndLeaseOriginationsAndPrincipalCollections
2010,PartnersCapitalAccountUnitsPeriodIncreaseDecrease
2012,OtherComprehensiveIncomeReclassificationAdjustmentForSaleOfSecuritiesIncludedInNetIncomeNetOfTax
2012,CededCreditRiskAmount
2010,ProvedDevelopedAndUndevelopedReservesPeriodIncreaseDecrease
2010,SegmentReportingEntityConsolidatedRevenue
2011,InterestRevenueExpense
2011,SegmentReportingInformationOperatingIncomeLoss
2011,FairValueOptionChangesInFairValueGainLoss
2014,AdditionsToOtherAssetsAmount
2013,OtherThanTemporaryImpairmentLossesInvestmentsPortionInOtherComprehensiveIncomeLossBeforeTaxPortionAttributableToParentHeldtomaturitySecurities
2012,OtherComprehensiveIncomeReclassificationAdjustmentOnDerivativesIncludedInNetIncomeTax
2011,OtherComprehensiveIncomeCumulativeEffectOfChangeInAccountingPrincipleTaxes
2012,WeightedAverageLimitedPartnershipAndGeneralPartnershipUnitsOutstandingBasic
2014,ProceedsFromIssuanceOfSubordinatedLongTermDebt
2011,CashFlowsBetweenTransfereeAndTransferorServicingFees
2013,OtherComprehensiveIncomeLossReclassificationAdjustmentOnDerivativesIncludedInNetIncomeNetOfTax
2014,ProceedsFromDepositsOnRealEstateSales
2012,DebtInstrumentConvertibleEffectiveInterestRate
2012,BankruptcyClaimsNumberClaimsFiled
2012,AmountOfDilutiveSecuritiesESOPConvertiblePreferredStock
2013,EntityWideDisclosureOnGeographicAreasRevenueFromExternalCustomersAttributedToEntitysCountryOfDomicile
2009,AverageBalanceDuringPeriodOfLoansSecuritized
2012,IndefiniteLivedIntangibleAssetsAcquiredDuringPeriod
2012,DiscontinuedOperationTaxEffectOfAdjustmentToPriorPeriodGainLossOnDisposal
2011,LiabilitiesSubjectToCompromiseEndOfPeriod
2013,CashFlowHedgeLossReclassifiedToInterestExpense
2011,SaleOfStockConsiderationReceivedOnTransaction
2011,DefinedBenefitPlanTargetAllocationPercentageOfAssetsEquitySecuritiesRangeMaximum
2012,AssumedPremiumsWrittenLife
2010,InvestmentOwnedUnrealizedAppreciation
2009,PreferredStockAmountOfPreferredDividendsInArrears
2010,OtherComprehensiveIncomeLossTransfersFromHeldToMaturityToAvailableForSaleSecuritiesNetOfTax
2013,DefinedBenefitPlanTargetAllocationPercentageOfAssetsEquitySecurities
2014,LimitedLiabilityCompanyLLCOrLimitedPartnershipLPMembersOrLimitedPartnersOwnershipInterest
2012,EmployeeServiceShareBasedCompensationNonvestedAwardsTotalCompensationCostNotYetRecognizedPeriodForRecognition
2013,PresentValueOfFutureInsuranceProfitsInterestAccrued
2010,IncreaseDecreaseInSecuritiesBorrowed
2013,IncreaseDecreaseInReceivablesUnderRepurchaseAgreements
2010,CashFlowHedgeGainReclassifiedToInterestExpense
2011,ProceedsFromIssuanceOfUnsecuredTaxExemptDebt
2011,IncreaseDecreaseInFairValueOfHedgedItemInPriceRiskFairValueHedge
2010,RetainedEarningsCumulativeEffectOfChangeInAccountingPrincipleNetOfTax
2013,AverageBalanceDuringPeriodOfLoansHeldInPortfolio
2014,CostmethodInvestmentsRealizedLossesExcludingOtherThanTemporaryImpairments
2012,BusinessCombinationContingentConsiderationArrangementsChangeInAmountOfContingentConsiderationAsset
2014,TranslationAdjustmentFunctionalToReportingCurrencyLossGainOnReclassifiedOfEarningsNetOfTax
2013,PremiumsNetLifeInsuranceInForce
2010,SegmentReportingInformationDepreciationExpense
2013,ProceedsFromIssuanceOfFinancialServicesObligations
2012,PremiumIncomeSubjectToParticipationThroughReinsurancePercentage
2011,IncreaseDecreaseInDeferredRentReceivables
2010,CertainLoansAcquiredInTransferNotAccountedForAsDebtSecuritiesAccretableYieldReclassificationsToNonaccretableDifference
2011,DefinedBenefitPlanTargetAllocationPercentageOfAssetsOtherRangeMinimum
2010,SegmentReportingInformationEquityInNetIncomeOfEquityMethodInvesteesOfSegment
2012,NetInvestmentIncomeInsuranceEntityOtherLongTermInvestments
2012,MinorityInterestInNetIncomeLossLimitedPartnerships
2010,SegmentReportingInformationIncomeTaxExpenseBenefit
2014,UndistributedEarningsAllocatedToParticipatingSecurities
2013,ContractualInterestExpenseOnPrepetitionLiabilitiesNotRecognizedInStatementOfOperations
2010,BusinessAcquisitionProFormaIncomeLossFromContinuingOperationsBeforeChangesInAccountingAndExtraordinaryItemsNetOfTax
2014,SiteContingencyLossExposureNotAccruedHighEstimate
2014,HeldToMaturitySecuritiesUnrecognizedHoldingLosses
2011,DefinedBenefitPlanTargetAllocationPercentageOfAssetsRealEstate
2011,IncreaseDecreaseInNotesReceivableRelatedPartiesCurrent
2011,IncomeLossFromOperationsBeforeExtraordinaryItemsPerBasicAndDilutedShare
2010,CededCreditRiskPremiumsEarned
2012,ChangeInUnrealizedGainLossOnHedgedItemInFairValueHedge
2013,CostOfServicesOilAndGas
2012,AssumedPremiumsEarnedPropertyAndCasualty
2012,FairValueInvestmentsEntitiesThatCalculateNetAssetValuePerShareUnobservableInputInvestmentHoldingsMovementsNet
2014,DiscountedFutureNetCashFlowsRelatingToProvedOilAndGasReservesFutureProductionCosts1
2010,FinancialGuaranteeInsuranceContractsPremiumReceivablePremiumPaymentsReceived
2012,MinorityInterestInNetIncomeLossJointVenturePartners
2010,SegmentReportingInformationRevenueFromExternalCustomers
2010,NetCreditLossesDuringPeriodOnLoansManagedOrSecuritized
2013,ProfitLossFromRealEstateOperations
2012,FairValueAssetsMeasuredOnRecurringBasisChangeInUnrealizedGainLossIncludedInOtherIncome
2012,OtherComprehensiveIncomeDerivativesQualifyingAsHedgesTaxEffectPeriodIncreaseDecrease
2010,ShareBasedCompensationSharesAuthorizedUnderStockOptionPlansExercisePriceRangeExercisableOptionsWeightedAverageRemainingContractualTerm
2011,TaxBenefitFromStockOptionsExercised
2012,OtherComprehensiveIncomeLossReclassificationAdjustmentForWritedownOfSecuritiesIncludedInNetIncomeNetOfTax
2011,SegmentReportingSegmentRevenue
2012,ContributionsFromNoncontrollingInterests
2014,NumberOfAircraftOperated
2013,MinorityInterestInNetIncomeLossPreferredUnitHolders
2012,CashFlowHedgeGainLossReclassifiedToEarningsNet
2012,SubsequentEventAmount
2010,CumulativeEffectOfInitialAdoptionOfSFAS159
2012,DerivativeInstrumentsLossRecognizedInIncome
2012,PremiumsWrittenNetPropertyAndCasualty
2011,IncreaseDecreaseInFairValueOfInterestRateFairValueHedgingInstruments
2012,TemporaryEquityDividendsAdjustment
2011,InterestAndFeeIncomeOtherLoans
2013,ProceedsFromSecuritizationsOfLoansHeldForInvestment
2011,DefinedBenefitPlanTargetAllocationPercentageOfAssetsDebtSecuritiesRangeMinimum
2014,ParticipatingSecuritiesDistributedAndUndistributedEarnings
2014,DiscountedFutureNetCashFlowsRelatingToProvedOilAndGasReservesFutureIncomeTaxExpense1
2014,InterestCreditedToPolicyOwnerAccounts
2010,CumulativeEffectOfChangeInAccountingPrincipleTabularPresentationByFinancialStatementLineItemAdjustmentAmount
2011,ShareBasedCompensationSharesAuthorizedUnderStockOptionPlansExercisePriceRangeExercisableOptionsWeightedAverageExercisePrice
2012,OtherComprehensiveIncomeReclassificationOfDefinedBenefitPlanNetTransitionAssetObligationRecognizedInNetPeriodicBenefitCostBeforeTax
2012,MinorityInterestInNetIncomeLossOperatingPartnerships
2006,RetrospectiveEffectOfChangeInAccountingPrincipleTabularPresentationByFinancialStatementLineItemAmountOfApplicationAdjustment
2011,LoansAndLeasesReceivableImpairedAverageInvestment
2011,PaymentsForRoyalties
2010,LoansAndLeasesReceivableImpairedInterestIncomeCashBasisMethod
2012,OtherComprehensiveIncomeDerivativesQualifyingAsHedgesBeforeTaxPeriodIncreaseDecrease
2010,InvestmentsInAndAdvancesToAffiliatesAtFairValueGrossReductions
2010,LoansAndLeasesReceivableImpairedInterestIncomeRecognized
2012,DepositAssetsOrLiabilitiesAmortizationExpenseFromExpirations
2014,ProceedsFromContributionInAidOfConstruction
2012,ProceedsFromSaleOfOtherReceivables
2014,LiabilityForUnpaidClaimsAndClaimsAdjustmentExpenseClaimsPaidPriorYears
2011,BusinessAcquisitionProFormaRevenue
2013,OtherComprehensiveIncomeLossReclassificationPensionAndOtherPostretirementBenefitPlansNetGainLossRecognizedInNetPeriodicBenefitCostTax
2010,OtherUnderwritingExpense
2011,FairValueLevel2ToLevel1TransfersAmount
2011,OtherComprehensiveIncomeReclassificationAdjustmentForWriteDownOfSecuritiesIncludedInNetIncomeNetOfTax
2013,SegmentReportingInformationRevenue
2010,AntidilutiveSharesOutstanding
2011,FairValueAssetsMeasuredOnRecurringBasisGainLossIncludedInTradingRevenue
2010,ApplicationOfRecognitionProvisionsOfSFAS158EffectOnAccumulatedOtherComprehensiveIncomeNetOfTax
2012,GainLossOnComponentsExcludedFromAssessmentOfPriceRiskCashFlowHedgeEffectiveness
2012,PartnersCapitalAccountUnitBasedCompensation
2013,RepaymentsOfFinancialServicesObligations
2012,OtherComprehensiveIncomeAvailableForSaleSecuritiesAdjustmentNetOfTaxPeriodIncreaseDecrease
2014,StockRepurchaseProgramAuthorizedAmount
2013,AdditionsToNoncurrentAssets
2012,RelatedPartyTransactionRevenuesFromTransactionsWithRelatedParty
2011,FairValueMeasurementWithUnobservableInputsReconciliationRecurringBasisAssetAndLiabilityGainLossIncludedInOtherComprehensiveIncomeLoss
2010,MortgageLoansOnRealEstateWriteDownOrReserveAmount
2012,DiscountedFutureNetCashFlowsRelatingToProvedOilAndGasReservesFutureProductionCosts
2012,OtherComprehensiveIncomeLossReclassificationAdjustmentForWriteDownOfSecuritiesIncludedInNetIncomeTax
2010,IncreaseDecreaseInRegulatoryClauseRevenue
2013,IncomeTaxRefundsDiscontinuedOperations
2011,StockGrantedDuringPeriodSharesSharebasedCompensation
2014,IncreaseDecreaseInTimeDepositsOf100000OrMore
2014,FairValueAssumptionsExpectedDividendRate
2013,NetInvestmentIncomeInsuranceEntityFixedMaturities
2012,CashFlowHedgeGainLossReclassifiedToCostOfSalesNet
2010,PreferredStockDividends
2014,GeneralContractorCosts
2014,ContractuallySpecifiedServicingFeesLateFeesAndAncillaryFeesEarnedInExchangeForServicingFinancialAssets
2014,LiabilityForUnpaidClaimsAndClaimsAdjustmentExpenseIncurredClaimsCurrentYear
2010,PaymentsForProceedsFromDerivatives
2014,PaymentsToAcquireTrustPreferredInvestments
2011,ShareBasedCompensationArrangementByShareBasedPaymentAwardOptionsVestedAndExpectedToVestExercisableWeightedAverageRemainingContractualTerm
2012,ShareBasedCompensationArrangementByShareBasedPaymentAwardFairValueAssumptionsExpectedTermMinimum
2012,DiscountedFutureNetCashFlowsRelatingToProvedOilAndGasReservesFutureIncomeTaxExpense
2011,CashFlowHedgeGainReclassifiedToEarnings
2013,OtherComprehensiveIncomeReclassificationOfDefinedBenefitPlansNetGainLossRecognizedInNetPeriodicBenefitCostBeforeTax
2012,FairValueMeasurementWithUnobservableInputsReconciliationRecurringBasisAssetGainLossIncludedInOtherComprehensiveIncome
2012,PremiumsWrittenNetLife
2013,RevenuesFromExternalCustomers
2013,EffectOnFutureCashFlowsAmount
2014,DerivativeInstrumentsNotDesignatedAsHedgingInstrumentsGain
2014,DiscontinuedOperationTaxEffectOfOtherIncomeLossFromDispositionOfDiscontinuedOperation
2011,BusinessCombinationProvisionalInformationInitialAccountingIncompleteAdjustmentFinancialAssets
2010,SegmentReportingInformationIntersegmentRevenue
2011,ShareBasedCompensationArrangementByShareBasedPaymentAwardOptionsOutstandingWeightedAverageRemainingContractualTerm
2011,DebtorReorganizationItemsDebtorInPossessionFacilityFinancingCosts
2011,FinancingReceivableAllowanceForCreditLossesRecoveries
2012,PropertyPlantAndEquipmentUsefulLifeMaximum
2010,LiabilitiesAssumed
2012,AssetManagementFees
2012,CededPremiumsWrittenPropertyAndCasualty
2010,PaymentsForTimeDeposits
2010,ShareBasedGoodsAndNonemployeeServicesTransactionQuantityOfSecuritiesIssued
2013,FairValueAssetsMeasuredOnRecurringBasisChangeInUnrealizedGainLossIncludedInInvestmentIncome
2012,OtherComprehensiveIncomeLossBeforeTaxPeriodIncreaseDecrease
2011,CumulativeEffectOfChangeInAccountingPrincipleTabularPresentationByFinancialStatementLineItemPreviouslyReportedAmount
2014,SaleLeasebackTransactionNetProceeds
2013,UnrealizedLossOnSecurities
2012,GainLossOnForeignCurrencyCashFlowHedgeIneffectiveness
2010,ExtraordinaryItemGainOrLossNetOfTaxAttributableToNoncontrollingInterest
2014,WeightedAverageBasicSharesOutstandingProForma
2011,AdjustmentsNoncashItemsToReconcileNetIncomeLossToCashProvidedByUsedInOperatingActivitiesOther
2010,VariableInterestEntityCarryingAmountOfLiabilitiesConsolidatedVIE
2014,SensitivityAnalysisOfFairValueOfInterestsContinuedToBeHeldByTransferorServicingAssetsOrLiabilitiesImpactOfOtherThan10Or20PercentAdverseChangeInDiscountRatePercent
2009,DistributionsPayableToRealEstatePartnerships
2013,CumulativeEffectOfProspectiveApplicationOfNewAccountingPrinciple
2009,PaymentsToAcquireLeaseReceivables
2011,PublicUtilitiesPropertyPlantAndEquipmentAmountOfIndirectDisallowanceOfCostsOfRecentlyCompletedPlants
2012,DirectPremiumsEarnedLife
2012,CreditDerivativePurchasedCreditProtection
2012,LeveragedLeasesIncomeStatementNetIncomeFromLeveragedLeases
2012,DebtInstrumentDecreaseRepayments
2014,ForeclosedRealEstateExpense
2010,SegmentReportingInformationNoninterestExpense
2012,GainLossOnComponentsExcludedFromAssessmentOfCreditRiskHedgeEffectiveness
2012,EntityWideRevenueMajorCustomerAmount
2014,PartnersCapitalAccountSaleOfUnits
2009,PreferredStockConversionsInducements
2011,BusinessCombinationProvisionalInformationInitialAccountingIncompleteAdjustmentPropertyPlantAndEquipment
2014,DiscountedFutureNetCashFlowsRelatingToProvedOilAndGasReserves10PercentAnnualDiscountForEstimatedTimingOfCashFlows
2013,DefinedBenefitPlanTargetAllocationPercentageOfAssetsDebtSecurities
2014,DiscountedFutureNetCashFlowsRelatingToProvedOilAndGasReservesFutureCashInflows
2011,ProceedsFromSaleAndMaturityOfTradingSecuritiesHeldforinvestment
2013,GainLossOnPriceRiskDerivativesNet
2012,OtherMaterialNoncashItems
2010,CashFlowsBetweenSecuritizationSpecialPurposeEntitySPEAndTransferorPurchasesOfDelinquentOrForeclosedAssets
2013,LitigationSettlementGross
2010,SegmentReportingInformationExtraordinaryItems
2012,GuaranteeObligationsLiquidationProceeds
2014,StockRepurchaseProgramRemainingAuthorizedRepurchaseAmount
2014,DerivativeCostOfHedge
2014,SaleLeasebackTransactionGrossProceeds
2014,AdjustmentsToAdditionalPaidInCapitalStockIssuedOwnshareLendingArrangementIssuanceCosts
2011,SegmentReportingInformationDepreciationDepletionAndAmortizationExpense
2010,GainLossOnSaleOfEquityMethodInvestments
2013,ExtendedProductWarrantyAccrualPayments
2010,DebtConversionOriginalDebtInterestRateOfDebt
2012,IncreaseDecreaseInPrepaidPensionCosts
2013,RestatementOfPriorYearIncomeNetOfTax
2011,OtherComprehensiveIncomeReclassificationOfDefinedBenefitPlansNetGainLossRecognizedInNetPeriodicBenefitCostTax
2011,EmployeeServiceShareBasedCompensationUnrecognizedCompensationCostsOnNonvestedAwardsWeightedAveragePeriodOfRecognition
2012,RevenueFromAdministrativeServices
2013,DefinedContributionPlanMaximumAnnualContributionPerEmployeePercent
2012,OtherComprehensiveIncomeAvailableforsaleSecuritiesTaxPortionAttributableToNoncontrollingInterest
2010,SegmentReportingIncomeBeforeIncomeTaxesExtraordinaryItemsDiscontinuedOperationsAndCumulativeEffect
2013,UnderlyingDerivativeVolume
2010,StockRedeemedOrCalledDuringPeriodShares
2011,ServicingAssetAtFairValuePeriodIncreaseDecrease
2012,OtherComprehensiveIncomeDefinedBenefitPlansAdjustmentNetOfTaxPeriodIncreaseDecrease
2010,CashFlowsBetweenSecuritizationSpecialPurposeEntitySPEAndTransferorServicingFeesReceived
2013,DefinedBenefitPlanAmountsThatWillBeAmortizedFromAccumulatedOtherComprehensiveIncomeLossInNextFiscalYear
2011,ShareBasedCompensationArrangementByShareBasedPaymentAwardOptionsExercisesInPeriod
2011,RealEstatePartnershipInvestmentSubsidiariesNetIncomeLossBeforeTax
2014,OtherComprehensiveIncomeAvailableforsaleSecuritiesAdjustmentNetOfTaxPortionAttributableToNoncontrollingInterest
2010,FairValueMeasurementWithUnobservableInputsReconciliationRecurringBasisLiabilityValue
2013,CededPremiumsLifeInsuranceInForce
2011,ProceedsFromPrincipalRepaymentsOnLoansAndLeasesHeldForInvestment
2013,AmortizationOfAcquiredIntangibleAssets
2012,LiabilitiesForGuaranteesOnLongDurationContractsIncurredBenefits
2012,OtherComprehensiveIncomeLossReclassificationPensionAndOtherPostretirementBenefitPlansNetTransitionAssetObligationRecognizedInNetPeriodicBenefitCostTax
2011,AssetsDisposedOfByMethodOtherThanSaleInPeriodOfDispositionGainLossOnDisposition
2009,InterestIncomeAndFeesBankersAcceptancesCertificatesOfDepositAndCommercialPaper
2011,DefinedBenefitPlanTargetAllocationPercentageOfAssetsRealEstateRangeMinimum
2013,LiabilityForFuturePolicyBenefitsLiabilitiesAssumed
2013,RevenuesFromTransactionsWithOtherOperatingSegmentsOfSameEntity
2011,LongTermPurchaseCommitmentMinimumQuantityRequired
2012,DirectPremiumsWrittenAccidentAndHealth
2010,ShareBasedCompensationArrangementByShareBasedPaymentAwardDiscountFromMarketPrice
2012,MinorityInterestIncreaseFromStockIssuance
2013,ExtraordinaryItemGainOrLossNetOfTaxAttributableToReportingEntity
2011,OtherThanTemporaryImpairmentLossesInvestmentsPortionInOtherComprehensiveIncomeLossBeforeTaxPortionAttributableToNoncontrollingInterestAvailableforsaleSecurities
2012,OtherComprehensiveIncomeAmortizationOfDefinedBenefitPlanNetPriorServiceCostRecognizedInNetPeriodicPensionCostTax
2012,CededPremiumsEarnedAccidentAndHealth
2012,ProceedsFromRealEstateAndRealEstateJointVentures
2012,DefinedBenefitPlanActuarialNetGainsLosses
2012,OtherPremiumRevenueNet
2012,ShareBasedCompensationArrangementByShareBasedPaymentAwardFairValueAssumptionsExpectedTermMaximum
2012,FairValueInvestmentsEntitiesThatCalculateNetAssetValuePerShareUnobservableInputInvestmentHoldingsMovementsSettlements
2010,SegmentReportingInformationIncomeLossBeforeIncomeTaxes
2010,CumulativeEffectOfInitialAdoptionOfSFAS158
2011,PartnersCapitalAccountTreasuryUnitsPurchases
2010,VariableInterestEntityCarryingAmountOfCollateralizedLiabilitiesUnconsolidatedVIE
2014,IncomeLossBeforeExtraordinaryItemsAndCumulativeEffectOfChangeInAccountingPrinciple
2012,NetInvestmentIncomeInsuranceEntityShortTermInvestments
2011,DiscontinuedOperationGainLossOnDisposalOfDiscontinuedOperationNetOfTaxPerBasicShare
2010,CapitalizedExploratoryWellCostPeriodIncreaseDecrease
2012,ShareBasedCompensationArrangementByShareBasedPaymentAwardFairValueAssumptionsExpectedTerm
2014,InterestIncomeFederalFundsSold
2012,AmortizationOfAdvanceRoyalty
2010,MergerAndAcquisitionCosts
2012,GeneralContractorRevenue
2011,IncreaseInCarryingAmountOfRedeemablePreferredStock
2013,ReinsurancePremiumsForInsuranceCompaniesByProductSegmentAmountAssumedFromOtherCompanies
2011,IntangibleAssetsArisingFromInsuranceContractsAcquiredInBusinessCombinationEstimatedAmountAmortizedYearFour
2013,ReinsurancePremiumsForInsuranceCompaniesByProductSegmentGrossAmount
2012,FiniteLivedIntangibleAssetsAverageUsefulLife
2013,AverageProductionCostsPerBarrelOfOilEquivalentsBOE
2010,OperatingLeasesRentExpenseSubleaseRentals
2012,DistributionsPerLimitedPartnershipAndGeneralPartnershipUnitOutstandingBasic
2012,OtherComprehensiveIncomeForeignCurrencyTranslationAdjustmentTax
2011,NetAmountAtRiskByProductAndGuaranteeWeightedAverageAttainedAge
2012,OtherComprehensiveIncomeDerivativesQualifyingAsHedgesNetOfTaxPeriodIncreaseDecrease
2011,IncomeLossBeforeExtraordinaryItemsAndCumulativeEffectOfChangeInAccountingPrinciplePerDilutedShare
2014,OtherComprehensiveIncomeForeignCurrencyTranslationAdjustmentTaxPortionAttributableToNoncontrollingInterest
2013,IncreaseDecreaseInNotesPayableCurrent
2012,OtherDeferredCostAmortizationExpense
2010,ExploratoryWellsDrilledNetProductive
2013,OtherComprehensiveIncomeLossForeignCurrencyTransactionAndTranslationReclassificationAdjustmentRealizedUponSaleOrLiquidationBeforeTax
2014,SiteContingencyLossExposureNotAccruedLowEstimate
2011,LossesGainsOnSalesOfAssetsAndAssetImpairmentCharges
2014,FairValueInstrumentsClassifiedInShareholdersEquityMeasuredOnRecurringBasisChangeInUnrealizedGainLoss
2009,CashFlowsBetweenSecuritizationSpecialPurposeEntitySPEAndTransferorProceedsFromCollectionsReinvestedInRevolvingPeriodSecuritizations
2013,OtherComprehensiveIncomeLossAmortizationPensionAndOtherPostretirementBenefitPlansNetPriorServiceCostRecognizedInNetPeriodicPensionCostNetOfTax
2011,OtherComprehensiveIncomeReclassificationAdjustmentForSaleOfSecuritiesIncludedInNetIncomeTax
2013,MinorityInterestInNetIncomeLossOtherMinorityInterests
2011,StockIssuedDuringPeriodSharesEmployeeStockOwnershipPlan
2012,DerivativeInstrumentsNotDesignatedAsHedgingInstrumentsLoss
2012,PublicUtilitiesApprovedEquityCapitalStructurePercentage
2014,IncreaseDecreaseInOutstandingChecksOperatingActivities
2014,IntangibleAssetsArisingFromInsuranceContractsAcquiredInBusinessCombinationPercentageOfAmountAmortizedYearFive
2010,CashFlowHedgeLossReclassifiedToCostOfSales
2011,OriginationOfMortgageServicingRightsMSRs
2011,CashFlowHedgeGainLossReclassifiedToRevenueNet
2011,OtherComprehensiveIncomeForeignCurrencyTransactionAndTranslationReclassificationAdjustmentRealizedUponSaleOrLiquidationNetOfTax
2011,OtherComprehensiveIncomeDefinedBenefitPlanNetPriorServiceCostsArisingDuringPeriodTax
2013,NetInvestmentIncomeInsuranceEntityEquitySecurities
2013,IncomeLossFromExtraordinaryItemsNetOfTaxPerBasicShare
2013,ShareBasedCompensationArrangementByShareBasedPaymentAwardNonOptionEquityInstrumentsForfeituresAndExpirations
2014,LiabilityForUnpaidClaimsAndClaimsAdjustmentExpenseClaimsPaid
2010,SegmentReportingInformationProfitLoss
2014,IncomeTaxReconciliationDeductionsMedicarePrescriptionDrugBenefitSubsidy
2010,SegmentReportingInformationProvisionForCreditLosses
2012,BusinessAcquisitionContingentConsiderationSharesIssuable
2011,GainLossFromHedgedFirmCommitmentNotQualifyingAsInterestRateFairValueHedgeNet
2013,CertainLoansAcquiredInTransferNotAccountedForAsDebtSecuritiesAccretableYieldPeriodIncreaseDecrease
2011,IncomeLossBeforeExtraordinaryItemsAndCumulativeEffectOfChangeInAccountingPrinciplePerBasicShare
2013,DebtInstrumentSinkingFundPayment
2012,ExtinguishmentOfDebtGainLossIncomeTax
2013,SeveranceCosts
2014,IntangibleAssetsArisingFromInsuranceContractsAcquiredInBusinessCombinationPercentageOfAmountAmortizedYearFour
2010,LifeSettlementContractsFairValueMethodUnrealizedGainLoss
2013,IncreaseDecreaseInFairValueAdjustmentsOnAssetsAndLiabilitiesCarriedAtFairValueUnderFairValueOption
2012,OtherComprehensiveIncomeAmortizationOfDefinedBenefitPlanNetPriorServiceCostRecognizedInNetPeriodicPensionCostNetOfTax
2011,DeferredPolicyAcquisitionCostsAndPresentValueOfFutureProfitsAmortization
2012,DebtInstrumentIncreaseAdditionalBorrowings
2012,DiscountedFutureNetCashFlowsRelatingToProvedOilAndGasReservesFutureDevelopmentCosts
2011,AssumptionForFairValueOfInterestsContinuedToBeHeldByTransferorServicingAssetsOrLiabilitiesDiscountRate
2010,IncreaseDecreaseInAirTrafficLiability
2013,OtherComprehensiveIncomeReclassificationOfDefinedBenefitPlansNetGainLossRecognizedInNetPeriodicBenefitCostNetOfTax
2008,OriginationOfLoanToPurchaseCommonStock
2009,SegmentReportingInformationUnusualItems
2012,OtherComprehensiveIncomeReclassificationAdjustmentOnDerivativesIncludedInNetIncomeNetOfTax
2014,ProFormaWeightedAverageSharesOutstandingDiluted
2010,CumulativeEffectOfChangeInAccountingPrinciplePresentedOnIncomeStatementBeforeTax
2012,CededPremiumsWrittenLife
2010,LineOfCreditFacilityAnnualPrincipalPayment
2011,ShareBasedCompensationSharesAuthorizedUnderStockOptionPlansExercisePriceRangeOutstandingOptionsWeightedAverageExercisePriceBeginningBalance
2014,HeldToMaturitySecuritiesUnrecognizedHoldingGains
2011,ShareBasedCompensationArrangementByShareBasedPaymentAwardEquityInstrumentsOtherThanOptionsOutstandingWeightedAverageRemainingContractualTerm
2011,OtherComprehensiveIncomeForeignCurrencyTranslationReclassificationAdjustmentRealizedUponSaleOrLiquidationTax
2010,LiabilityForFuturePolicyBenefitByProductSegmentInterestRateYearOfIssue
2012,OtherComprehensiveIncomeMinimumPensionLiabilityNetAdjustmentNetOfTax
2012,FiniteLivedIntangibleAssetsUsefulLifeMinimum
2014,OtherAlternativeEnergySalesRevenue
2012,OtherComprehensiveIncomeDefinedBenefitPlansTax
2012,AssumedPremiumsWrittenAccidentAndHealth
2010,OtherIncreaseDecreaseInProvisionForRestructuring
2013,ShareBasedCompensationArrangementByShareBasedPaymentAwardNonOptionEquityInstrumentsGranted
2013,LifeInsuranceInForcePremiumsPercentageAssumedToNet
2012,OtherComprehensiveIncomeReclassificationOfDefinedBenefitPlanNetTransitionAssetObligationRecognizedInNetPeriodicBenefitCostNetOfTax
2011,OtherComprehensiveIncomeMinimumPensionLiabilityNetAdjustmentBeforeTax
2011,CostOfServicesLicensesAndMaintenanceAgreements
2009,ProceedsFromSecuritizationsOfLoansHeldForSale
2012,DefinedBenefitPlanEffectOfOnePercentagePointDecreaseOnAccumulatedPostretirementBenefitObligation
2013,IncomeTaxExpenseBenefitContinuingOperations
2012,GainLossOnDispositionOfProperty
2011,TransferOfPortfolioLoansAndLeasesToHeldForSale
2011,OtherComprehensiveIncomeReclassificationAdjustmentForWriteDownOfSecuritiesIncludedInNetIncomeBeforeTax
2011,TreasuryStockValueRetiredCostMethod
2012,FiniteLivedIntangibleAssetsUsefulLifeMaximum
2013,FairValueLiabilitiesMeasuredOnRecurringBasisGainLossIncludedInInvestmentIncome
2010,InvestmentOwnedUnrealizedDepreciation
2014,RelatedPartyTransactionRate
2011,OtherComprehensiveIncomeAvailableForSaleSecuritiesAdjustmentBeforeTaxPeriodIncreaseDecrease
2009,AverageBalanceDuringPeriodOfLoansManagedAndSecuritized
2013,AllowanceForLoanAndLeaseLossesRecoveriesOfBadDebts
2011,ManufacturingCosts
2014,RepaymentsOfFederalHomeLoanBankBorrowings
2014,TradingSecuritiesUnrealizedHoldingGain
2012,DirectPremiumsWrittenLife
2012,EnvironmentalExitCostsReasonablyPossibleAdditionalLossesLowEstimate
2014,InterestExpenseNegotiableOrderOfWithdrawalNOWDeposits
2012,CededPremiumsEarnedPropertyAndCasualty
2010,CashFlowsBetweenSecuritizationSpecialPurposeEntitySPEAndTransferorProceedsFromNewlySecuritizedAssets
2012,DebtInstrumentPeriodicPayment
2011,ProceedsFromIssuanceOfSecuredTaxExemptDebt
2013,AssumedPremiumsLifeInsuranceInForce
2014,DiscontinuedOperationAmountOfAdjustmentToPriorPeriodGainLossOnDisposalBeforeIncomeTax
2010,SegmentReportingInformationInterestExpense
2011,AssumptionForFairValueOfInterestsContinuedToBeHeldByTransferorServicingAssetsOrLiabilitiesPrepaymentSpeed
2011,StockIssuedDuringPeriodSharesStockSplits
2010,AllowanceForLoanAndLeaseLossesLoansAcquired
2012,PremiumsReceivableAllowanceForDoubtfulAccountsProvisionChargedToExpense
2010,ShareBasedCompensationArrangementByShareBasedPaymentAwardFairValueAssumptionsExpectedDividendPayments
2010,InterestIncomePurchasedReceivables
2011,BusinessAcquisitionProFormaNetIncomeLoss
2011,PropertyPlantAndEquipmentUsefulLifeAverage
2011,RealEstateAndAccumulatedDepreciationLifeUsedForDepreciation
2014,FutureAmortizationExpenseYearThree
2014,CertainLoansAcquiredInTransferAccountedForAsHeldToMaturityDebtSecuritiesAccretableYieldDisposalsOfLoans
2011,ProceedsFromSecuritizationsOfCreditCards
2013,DebtInstrumentConvertibleConversionRatio
2011,ProceedsFromRecoveriesOfLoansPreviouslyChargedOff
2013,TradingActivityGainsAndLossesNet
2014,DiscountedFutureNetCashFlowsRelatingToProvedOilAndGasReservesFutureNetCashFlows
2012,GainsLossesOnSalesOfOtherAssets
2011,AssumptionForFairValueOfInterestsContinuedToBeHeldByTransferorServicingAssetsOrLiabilitiesWeightedAverageLife
2013,OtherComprehensiveIncomeLossForeignCurrencyTranslationReclassificationAdjustmentRealizedUponSaleOrLiquidationTax
2011,TransferOtherRealEstate
2011,WeightedAverageNumberBasicSharesOutstandingAdjustmentProForma
2009,CashFlowsBetweenTransfereeAndTransferorReceiptsOnInterestsThatContinueToBeHeldOther
2013,OtherComprehensiveIncomeLossReclassificationAdjustmentForSaleOfSecuritiesIncludedInNetIncomeTax
2012,OtherComprehensiveIncomeForeignCurrencyTransactionAndTranslationAdjustmentBeforeTaxPeriodIncreaseDecrease
2014,PaymentsToEmployees
2010,BusinessAcquisitionEquityInterestIssuedOrIssuableNumberOfSharesIssued
2012,InsuranceInvestmentIncome
2010,CashPaidForCapitalizedInterest
2011,DefinedBenefitPlanTargetAllocationPercentageOfAssetsRealEstateRangeMaximum
2011,ImpactOfRestatementOnEarningsPerShareDiluted
2012,OtherComprehensiveIncomeDefinedBenefitPlansAdjustmentBeforeTaxPeriodIncreaseDecrease
2013,RestatementOfPriorYearIncomeTaxEffects
2012,CashFlowHedgeGainLossReclassifiedToInterestExpenseNet
2013,LineOfCreditFacilityIncreaseAdditionalBorrowings
2012,FairValueInvestmentsEntitiesThatCalculateNetAssetValuePerShareUnobservableInputInvestmentHoldingsMovementsIssuances
2013,DebtorReorganizationItemsLegalAndAdvisoryProfessionalFees
2014,ProceedsFromGrantors
2014,OtherComprehensiveIncomeDerivativesQualifyingAsHedgesTaxPortionAttributableToNoncontrollingInterest
2014,FairValueInputsCapRate
2013,PaymentsForRepurchaseOfRedeemableConvertiblePreferredStock
2012,FairValueLiabilitiesMeasuredOnRecurringBasisChangeInUnrealizedGainLossIncludedInOtherIncome
2011,IntangibleAssetsArisingFromInsuranceContractsAcquiredInBusinessCombinationEstimatedAmountAmortizedYearTwo
2014,DefinedBenefitPlanGrossPrescriptionDrugSubsidyReceiptsReceived
2012,DirectPremiumsEarnedAccidentAndHealth
2011,CumulativeEffectAdjustmentGrossLosses
2014,LiabilityForUnpaidClaimsAndClaimsAdjustmentExpenseIncurredClaims
2013,InterestIncomeSecuritiesPurchasedUnderAgreementsToResell
2010,RestructuringAndRelatedCostReportableSegmentIncurredCost
2012,OtherExpenseCapitalizationToDeferredAcquisitionCostDAC
2013,FairValueAssetsMeasuredOnRecurringBasisGainLossIncludedInOtherIncome
2009,OtherAdjustmentsForNoncashItemsIncludedInIncomeLossFromContinuingOperations
2011,DefinedBenefitPlanTargetAllocationPercentageOfAssetsDebtSecuritiesRangeMaximum
2010,ConsolidationLessThanWhollyOwnedSubsidiaryParentOwnershipInterestChangesAdditionalInterestIssuedToParent
2009,ConvertiblePreferredStockConvertedToOtherSecurities
2011,ShareBasedCompensationArrangementByShareBasedPaymentAwardOptionsVestedAndExpectedToVestOutstandingWeightedAverageRemainingContractualTerm
2013,ReinsurancePremiumsForInsuranceCompaniesByProductSegmentAmountCededToOtherCompanies
2013,DerivativeInstrumentsGainLossRecognizedInIncomeNet
2011,NewAccountingPronouncementOrChangeInAccountingPrincipleCumulativeEffectOfChangeOnEquityOrNetAssets
2008,UnrealizedLossOnPriceRiskCashFlowDerivativesBeforeTax
2010,SegmentReportingInformationNoninterestIncome
2012,CededPremiumsEarnedLife
2011,DefinedBenefitPlanTargetAllocationPercentageOfAssetsEquitySecuritiesRangeMinimum
2010,MinimumRents
2010,RedeemablePreferredStockIncreaseDecreaseInCarryingAmount
2010,EmployeeStockOwnershipPlanESOPDebtStructureDirectLoanEmployerCashPaymentsUsedForDebtService
2011,ShareBasedCompensationArrangementByShareBasedPaymentAwardOptionsOutstandingPeriodIncreaseDecrease
2012,ShareBasedCompensationArrangementByShareBasedPaymentAwardOptionsExercisableWeightedAverageRemainingContractualTerm
2012,ReinsurancePremiumsForInsuranceCompaniesByProductSegmentPercentageOfAmountAssumedToNet
2012,AdjustmentsToAdditionalPaidInCapitalReallocationOfMinorityInterest
2010,EffectOnFutureEarningsAndCashFlowsAmount
2012,OtherComprehensiveIncomeReclassificationAdjustmentForHeldToMaturityTransferredToAvailableForSaleSecuritiesTax
2012,IncreaseDecreaseInFairValueOfUnhedgedDerivativeInstruments
2011,IntangibleAssetsArisingFromInsuranceContractsAcquiredInBusinessCombinationEstimatedAmountAmortizedYearFive
2011,DefinedBenefitPlanRecognizedNetGainLossDueToSettlementsAndCurtailments
2010,DebtorReorganizationItemsEmployeeRelatedCharges
2012,AllowanceForDoubtfulAccountsReceivableChargeOffs
2011,IncreaseDecreaseInInsuranceSettlementsReceivable
2012,PaymentsForFederalHomeLoanBankAdvances
2010,GainLossOnSaleOfTimberProperty
2010,GainLossOnDispositionOfOtherAssets
2012,ProceedsFromSaleOfLeaseReceivables
2010,ProceedsFromOperatingActivities
2014,AccumulatedDepreciationDepletionAndAmortizationSaleOfPropertyPlantAndEquipment
2013,ServicingAssetAtAmortizedValueValuationAllowance
2013,PaymentsToAcquireFederalReserveStock
2013,OtherComprehensiveIncomeLossReclassificationAdjustmentOnDerivativesIncludedInNetIncomeBeforeTax
2013,IncreaseDecreaseInBorrowedSecurities
2013,ProceedsFromSaleOfOtherAssets
2013,UnsolicitedTenderOfferCosts
2012,ShareBasedCompensationArrangementByShareBasedPaymentAwardEquityInstrumentsOtherThanOptionsVestedInPeriodIntrinsicValue
2012,ProceedsFromLoanOriginations1
2013,InterestExpenseJuniorSubordinatedDebentures
2014,DiscontinuedOperationAmountOfOtherIncomeLossFromDispositionOfDiscontinuedOperationsBeforeIncomeTax
2011,DeconsolidationRevaluationOfRetainedInvestmentGainOrLossAmount
2013,StockholdersEquityNoteStockSplitConversionRatio
2011,OtherComprehensiveIncomeReclassificationAdjustmentForHeldToMaturityTransferredToAvailableForSaleSecuritiesNetOfTax
2011,CashFlowsBetweenTransfereeAndTransferorServicingFeeAdvances
2013,DeferredSalesInducementsAmortizationExpense
2013,ExtraordinaryItemNetOfTax
2012,OtherComprehensiveIncomeReclassificationAdjustmentOnDerivativesIncludedInNetIncomeBeforeTax
2013,TaxBenefitFromStockOptionsExercised1
2011,SiteContingencyLossExposureInExcessOfAccrualHighEstimate
2012,LossOnContractTerminationForDefault
2014,EffectiveIncomeTaxRateReconciliationNondeductibleExpenseAmortization
2010,PaymentsToFundPolicyLoans
2012,PremiumsWrittenNetAccidentAndHealth
2013,AllowanceForLoanAndLeaseLossesLoansSold
2010,DepreciationPremisesAndEquipment
2010,ShareOfEquityMethodInvesteesPropertyAcquisitionExplorationAndDevelopmentCostsIncurredInOilAndGasProducingActivities
2011,EmbeddedDerivativeGainLossOnEmbeddedDerivativeNet
2011,LossRecognizedOnAssetsTransferredToSeparateAccountGross
2010,LoansAssumed
2010,StockIssued
2012,DebtInstrumentIncreaseAccruedInterest
2012,AssumedPremiumsEarnedAccidentAndHealth
2013,GuaranteedBenefitsPaid
2014,HeldToMaturitySecuritiesInUnrealizedLossPositionsQualitativeDisclosureOtherDefaultRate
2014,IntangibleAssetsArisingFromInsuranceContractsAcquiredInBusinessCombinationPercentageOfAmountAmortizedYearThree
2010,ShareBasedCompensationArrangementByShareBasedPaymentAwardOptionsForfeituresAndExpirationsInPeriodWeightedAverageIntrinsicValue
2011,DepletionOfOilAndGasProperties
2014,MaturitiesOfSubordinatedDebt
2012,RealEstateAccumulatedDepreciationPeriodIncreaseDecrease
2013,AssumedPremiumsEarnedOtherInsurance
2013,GoodwillAllocationAdjustment
2012,EnvironmentalExitCostsReasonablyPossibleAdditionalLossesHighEstimate
2008,AvailableForSaleSecuritiesTransfersToTradingGrossLosses
2013,EntityWideDisclosureOnGeographicAreasRevenueFromExternalCustomersAttributedToForeignCountries
2014,BusinessCombinationContingentConsiderationArrangementsChangeInTheRangeOfOutcomesContingentConsiderationLiabilityValueHigh
2013,ImpairmentLossesRelatedToRealEstatePartnerships
2014,ProceedsFromFederalHomeLoanBankBorrowings
2010,NotesIssued
2012,AssumedPremiumsWrittenPropertyAndCasualty
2011,OtherComprehensiveIncomeAmortizationOfDefinedBenefitPlanNetPriorServiceCostCreditRecognizedInNetPeriodicBenefitCostBeforeTax
2009,CumulativeEffectOfInitialAdoptionOfEITFIssue083
2014,ResearchAndDevelopmentArrangementContractToPerformForOthersCostsIncurredGross
2012,OtherComprehensiveIncomeForeignCurrencyTransactionAndTranslationAdjustmentNetOfTaxPeriodIncreaseDecrease
2013,OtherComprehensiveIncomeLossReclassificationAdjustmentForSaleOfSecuritiesIncludedInNetIncomeBeforeTax
2012,DerivativeInstrumentsGainRecognizedInIncomeIneffectivePortionAndAmountExcludedFromEffectivenessTesting
2010,IncomeTaxExpenseBenefitExtraordinaryItems
2011,CashFlowHedgeGainLossReclassifiedToOtherIncomeNet
2010,LineOfCreditFacilityIncreaseDecreaseOtherNet
2012,AvailableforsaleSecuritiesSoldAtPar
2012,RestructuringReserveSettledWithoutCash
2012,DefinedBenefitPlanTargetAllocationPercentageOfAssetsOther
2013,EntityWideRevenueMajorCustomerPercentage
2013,OtherComprehensiveIncomeLossReclassificationAdjustmentForSaleOfSecuritiesIncludedInNetIncomeNetOfTax
2010,ReinsuranceEffectOnClaimsAndBenefitsIncurredPoliciesAcquiredInPeriod
2014,RegulatedOperatingRevenueSteam
2010,AcquiredFiniteLivedIntangibleAssetsWeightedAveragePeriodPriorToRenewalOrExtension
2011,OtherComprehensiveIncomeForeignCurrencyTransactionAndTranslationReclassificationAdjustmentRealizedUponSaleOrLiquidationBeforeTax
2014,LossOnCashFlowHedgeIneffectiveness
2013,BusinessCombinationContingentConsiderationArrangementsChangeInAmountOfContingentConsiderationLiability
2011,ShareBasedCompensationSharesAuthorizedUnderStockOptionPlansExercisePriceRangeOutstandingOptionsWeightedAverageRemainingContractualTerm
2010,ConsolidationLessThanWhollyOwnedSubsidiaryParentOwnershipInterestChangesRepurchaseOfSharesBySubsidiary
2009,ExtraordinaryItemsGross
2011,SquareFootageOfRealEstateProperty
2012,NewAccountingPronouncementOrChangeInAccountingPrincipleEffectOfChangeOnIncomeFromContinuingOperations
2014,ProceedsFromLongTermCapitalLeaseObligations
2014,LiabilityForUnpaidClaimsAndClaimsAdjustmentExpenseIncurredClaimsPriorYears
2011,EntityWideDisclosureOnGeographicAreasRevenueFromExternalCustomersAttributedToIndividualForeignCountriesAmount
2014,RestructuringAndRelatedCostCostIncurredToDate
2013,BusinessExitCosts
2010,EquityMethodInvestmentSummarizedFinancialInformationNetSalesOrGrossRevenue
2011,IncreaseDecreaseInFossilFuelInventories
2012,DebtorReorganizationItemsPensionAndOtherPostretirementRelatedCharges
2011,OtherComprehensiveIncomeCumulativeEffectOfChangeInAccountingPrincipleBeforeTaxes
2012,AssumedPremiumsEarnedLife
2010,CumulativeEffectOfInitialAdoptionOfFIN48
2013,CapitalExpenditureDiscontinuedOperations
2012,OtherComprehensiveIncomeFinalizationOfPensionAndNonPensionPostretirementPlanValuationNetOfTax
2012,IndefiniteLivedIntangibleAssetsImpairmentLosses
2011,PaymentsForProceedsFromLongtermInvestments
2010,CashDividends
2013,GuaranteedBenefitsIncurred
2014,DiscountedFutureNetCashFlowsRelatingToProvedOilAndGasReservesStandardizedMeasure
2014,DiscontinuedOperationAmountOfOtherIncomeLossFromDispositionOfDiscontinuedOperationNetOfTax
2012,ProceedsFromSaleOfLandHeldforinvestment
2012,DirectPremiumsWrittenPropertyAndCasualty
2011,ShareBasedCompensationArrangementByShareBasedPaymentAwardCompensationCost
2013,GrandfatheredESOPExpenseRecognitionDividendsUsedByESOPForDebtService
2013,OriginationAndPurchasesOfMortgageBankingAssets
2009,IncreaseDecreaseInRetainedInterestInSecuritizedReceivables
2012,DebtorReorganizationItemsOtherExpenseIncome
2013,DefinedContributionPlanMaximumAnnualContributionPerEmployeeAmount
2012,ExplorationAndProductionCosts
2013,DerivativeInstrumentsLossRecognizedInIncomeIneffectivePortionAndAmountExcludedFromEffectivenessTesting
2011,ShorttermDebtMaximumMonthendOutstandingAmount
2013,ReinsurancePremiumsForInsuranceCompaniesByProductSegmentNetAmount
2013,FairValueLiabilitiesMeasuredOnRecurringBasisGainLossIncludedInOtherIncome
2010,CashFlowHedgeGainReclassifiedToInvestmentIncome
2010,EquityMethodInvestmentSummarizedFinancialInformationIncomeLossFromContinuingOperationsBeforeExtraordinaryItemsAndCumulativeEffectOfChangeInAccountingPrinciple
2013,OtherComprehensiveIncomeLossAmortizationPensionAndOtherPostretirementBenefitPlansNetPriorServiceCostRecognizedInNetPeriodicBenefitCostBeforeTax
2011,SalesRevenueFromEnergyCommoditiesAndServices
2010,SegmentReportingInformationInterestIncome
2013,IncomeLossFromExtraordinaryItemsNetOfTaxPerDilutedShare
2013,LoanPortfolioExpense
2010,ShareBasedGoodsAndNonemployeeServicesTransactionExpense
2012,DefinedBenefitPlanAmountsRecognizedInOtherComprehensiveIncomeNetGainLossBeforeTax
2010,CashFlowsBetweenSecuritizationSpecialPurposeEntitySPEAndTransferorOtherCashFlowsReceivedOnRetainedInterests
2010,VariableInterestEntityCarryingAmountOfCollateralizedAssetsUnconsolidatedVIE
2012,FairValueAssetsMeasuredOnRecurringBasisChangeInUnrealizedGainLossIncludedInTradingRevenue
2010,CapitalLeasesIndemnificationAgreementsPayments
2011,IntangibleAssetsArisingAcquiredInBusinessCombinationEstimatedAmountAmortizedYearOne
2012,FiniteLivedIntangibleAssetsAmortizationExpense
2013,DirectPremiumsLifeInsuranceInForce
2012,PolicyChargesInsurance
2012,BankruptcyClaimsAmountOfClaimsFiled
2014,LiabilityForUnpaidClaimsAndClaimsAdjustmentExpenseClaimsPaidCurrentYear
2010,SegmentReportingInformationInterestIncomeExpenseNet
2011,ShareBasedCompensationArrangementByShareBasedPaymentAwardOptionsExercisableIntrinsicValue
2012,DerivativeInstrumentsGainRecognizedInIncome
2010,BusinessCombinationContingentConsiderationArrangementsChangeInAmountContingentAssetsAndLiabilitiesRecognizedLiability
2012,OtherComprehensiveIncomeMinimumPensionLiabilityNetAdjustmentTax
2013,OtherComprehensiveIncomeLossForeignCurrencyTransactionAndTranslationReclassificationAdjustmentRealizedUponSaleOrLiquidationNetOfTax
2010,PaymentsForProceedsFromNuclearFuel
2011,FairValueLevel1ToLevel2TransfersAmount
2012,PropertyPlantAndEquipmentUsefulLifeMinimum
2010,SegmentReportingReconcilingItemsForOperatingProfitLoss
2011,DerecognizedAssetsSecuritizedOrAssetbackedFinancingArrangementAssetsAndAnyOtherFinancialAssetsManagedTogetherNetCreditLossesDuringPeriod
2011,FinancingReceivableAllowanceForCreditLossesProvisions
2012,OtherComprehensiveIncomeAvailableForSaleSecuritiesTax
2014,ProceedsFromIssuanceOfCommonStockDividendReinvestmentPlan
2012,FutureAmortizationExpenseAfterYearFive
2010,LifeSettlementContractsFairValueMethodGainLoss
2011,ServicingAssetAtAmortizedValueAmortization
2011,UnusualOrInfrequentItemGross
2013,CededPremiumsEarnedOtherInsurance
2010,StructuredSettlementAnnuitiesInterestRateHighEnd
2009,LossOnContracts
2012,CededCreditRiskClaimsLossAdjustmentExpenseIncurred
2012,LineOfCreditFacilityDecreaseRepayments
2012,OtherComprehensiveIncomeLossAmortizationPensionAndOtherPostretirementBenefitPlansNetPriorServiceCostRecognizedInNetPeriodicPensionCostTaxEffect
2012,NetInvestmentIncomeInsuranceEntityPolicyLoans
2011,OtherComprehensiveIncomeReclassificationAdjustmentForSaleOfSecuritiesIncludedInNetIncomeBeforeTax
2013,DefinedBenefitPlanAmortizationOfNetGainsLosses
2014,IntangibleAssetsArisingFromInsuranceContractsAcquiredInBusinessCombinationPercentageOfAmountAmortizedYearTwo
2012,AllowanceForLoanAndLeaseLossesProvisionForLossGross
2012,FiniteLivedIntangibleAssetsAcquired
2010,SegmentReportingInformationOtherNoninterestExpense
2014,DebtInstrumentConvertibleIfConvertedValueInExcessOfPrincipal
2011,NewAccountingPronouncementOrChangeInAccountingPrincipleCurrentPeriodDisclosuresRevenueRecognizedAmount
2010,RepaymentsOfFirstMortgageBond
2013,OtherComprehensiveIncomeLossReclassificationAdjustmentOnDerivativesIncludedInNetIncomeTax
2010,CashFlowHedgeLossReclassifiedToInvestmentIncome
2011,OtherComprehensiveIncomeDefinedBenefitPlansNetUnamortizedGainLossArisingDuringPeriodBeforeTax
2012,FairValueLiabilitiesMeasuredOnRecurringBasisChangeInUnrealizedGainLossIncludedInInvestmentIncome
2011,SegmentReportingInformationExpendituresForAdditionsToLongLivedAssets
2010,PartnersCapitalAccountUnitsRedeemed
2013,DefinedBenefitPlanAmortizationOfNetPriorServiceCostCredit
2014,PreviouslyEstimatedDevelopmentCostsIncurredDuringPeriod
2014,IntangibleAssetsArisingFromInsuranceContractsAcquiredInBusinessCombinationPercentageOfAmountAmortizedYearOne
2013,RevenueMineralSales
2012,PaymentsToAcquireBusinessThreeNetOfCashAcquired
2013,FutureAmortizationExpenseYearTwo
2014,GainOnCashFlowHedgeIneffectiveness
2014,FairValueMeasurementWithUnobservableInputsReconciliationRecurringBasisInstrumentsClassifiedInShareholdersEquityTransfersOutOfLevel3
2012,PresentValueOfFutureInsuranceProfitsAmortizationExpense
2014,OtherComprehensiveIncomeDerivativesQualifyingAsHedgesNetOfTaxPortionAttributableToNoncontrollingInterest
2013,ReorganizationItems
2011,DefinedBenefitPlanTargetAllocationPercentageOfAssetsOtherRangeMaximum
2014,OtherConstructionCosts
2011,IntangibleAssetsArisingFromInsuranceContractsAcquiredInBusinessCombinationEstimatedAmountAmortizedYearThree
2011,IncreaseDecreaseInFairValueOfHedgedItemInInterestRateFairValueHedge
2010,SegmentReportingInformationAmortizationExpense
2008,EffectOnRetainedEarningsAccumulatedDeficitDueToChangeInMeasurementDateTax
2011,FiniteLivedIntangibleAssetsWeightedAverageUsefulLife
2011,CapitalLeasesIncomeStatementSalesTypeLeaseRevenue
2010,TransferOfLoansHeldForSaleToPortfolioLoans
2009,IncomeLossFromExtraordinaryItemsNetOfTaxPerBasicAndDilutedShare
2012,CededPremiumsWrittenAccidentAndHealth
2010,LiabilitiesSubjectToCompromiseIncreaseDecreaseInEnvironmentalContingencies
2012,GainOnPurchaseOfBusiness
2014,MortgageLoansOnRealEstatePeriodIncreaseDecrease
2012,FairValueInvestmentsEntitiesThatCalculateNetAssetValuePerShareUnobservableInputInvestmentHoldingsMovementsSales
2010,StructuredSettlementAnnuitiesInterestRateLowEnd
2013,DirectPremiumsEarnedOtherInsurance
2013,CashFlowHedgeGainLossReclassifiedToInvestmentIncomeNet
2011,FutureAmortizationExpenseRemainderOfFiscalYear
2011,OtherComprehensiveIncomeFinalizationOfPensionAndNonPensionPostretirementPlanValuationBeforeTax
2013,ImpactOfRestatementOnEarningsPerShareBasic
2014,DiscountedFutureNetCashFlowsRelatingToProvedOilAndGasReservesFutureDevelopmentCosts1
2012,OtherComprehensiveIncomeLossTaxPortionAttributableToParent
2010,UnitsOfPartnershipInterestChangesInAmount
2010,VariableInterestEntityCarryingAmountOfCollateralizedAssets
2014,IntangibleAssetsArisingFromInsuranceContractsAcquiredInBusinessCombinationPeriodIncreaseDecrease
2012,DefinedBenefitPlanRecognizedNetGainLossDueToSettlements
2012,LossContingencyAccrualCarryingValueProvision
2011,DeferredPurchasedPowerCosts
2011,AccumulatedDepreciationDepletionAndAmortizationExpensePropertyPlantAndEquipmentCurrentCharge
2010,ShareBasedCompensationArrangementByShareBasedPaymentAwardWeightedAveragePricePaidForSharesPurchased
2012,DebtInstrumentConvertibleInterestExpense
2013,IntangibleAssetsArisingFromInsuranceContractsAcquiredInBusinessCombinationAdditions
2010,TransferInvestments
2014,FairValueInputsLongTermRevenueGrowthRate
2011,SegmentReportingReconcilingItemForOperatingProfitLossFromSegmentToConsolidatedAmount
2013,RestructuringReserveSettledWithCash
2012,FutureAmortizationExpenseYearOne
2012,RestructuringReservePeriodExpense
2012,SiteContingencyRecoveryFromThirdPartyOfEnvironmentalRemediationCost
2011,CumulativeEffectOfInitialAdoptionOfNewAccountingPrinciple